titulo,año,nombre,apellido,isbn,estante,editorial,año,volumen,claveIngreso,colección,edicion,adquisicion,numClasificacion,materias
Arquitectura y ciudad moderna en el sur de Chile. Memoria y territorio y proyecto,1999,Pablo Fuentes y Veronica Esparza editores,d,5.24E+84,N/A,Ediciones Universidad del Bío-Bío + STOQ editoria,1999,0,1A,0,0,B,100,j
Principles of Genetics,1989, D. Peter Snustad,d,5.24E+49,N/A,Wiley,1990,1,1B,1,1,D,200,j
El precariado. Una nueva clase social,1990,Guy Standing,d,5.24E+64,N/A,Pasado y Presente,1991,2,2C,2,2,A,300,j
DESIGN AND ANALYSIS OF EXPERIMENTS VOLUMEN 1y 2 Y 3,1991,HINKELMANNy KLAUS AND KEMPTTHORNEy OSCAR,d,5.24E+79,N/A,JOHN WILEY AND SONS,1992,3,3D,3,3,C,400,j
DESIGN AND ANALYSIS OF EXPERIMENTS WITH R,1992,LAWSONy JOHN,d,5.24E+99,N/A,TAYLOR AND FRANCIS GROUP,TAYLOR AND FRANCIS GROUP,4,4E,4,4,E,500,j
Essentials of domestic animal embryology,1989, Hyttely Poul  Sinowatzy Fred  Vejlstedy Morten,d,5.24E+84,N/A,Saunders Elsevier,1990,5,1A,5,5,B,600,j
Environmental Geology,1987,Montgomeryy C.,d,5.24E+39,N/A,McGraw-Hill Education,1989,6,1B,6,6,D,700,j
Environmental Geology: An Earth Systems Approach,1986,Merrittsy D.y Menkingy K.y DeWety A.,d,5.24E+64,N/A,Macmillan Learning,1988,7,2C,7,7,A,800,j
Environmental Geology,1985,Edward Keller,d,5.24E+44,N/A,Pearson Prentice Hall,1987,8,3D,8,8,C,900,j
Embriología médica,1984,Langmany Jan  Sadlery T. W.,d,5.24E+84,N/A,Wolters Kluwer,1986,9,4E,9,9,E,100,j
Veterinary embryology,1983,MacGeadyy Thomas A.y Quinny P. J.y FitzPatricky E. S.y Ryany M. T.y Cahalany S.,d,5.24E+84,N/A,Blackwell,1985,10,1A,10,10,B,200,j
Conservation and Development,1981,Andrew Newshamy Shonil Bhagwat,d,5.24E+69,N/A,Routledge,1984,11,1B,11,11,D,300,j
ADMINISTRACION,1980,ROBBINSy STEPHEN  COULTERy MARY,d,5.24E+64,N/A,PEARSON,1983,12,2C,12,12,A,400,j
Auditoría un enfoque integral,1979,Alvin A. Arens-Randal Elder-Mark Beasley,d,5.24E+84,N/A,Pearson Educación,1982,13,3D,13,13,C,500,j
TEORIA Y DISEÑO ORGANIZACIONAL,1978,DAFTy RICHARD L.,d,5.24E+64,N/A,CENGAGE,1981,14,4E,14,14,E,600,j
TEORIA Y DISEÑO ORGANIZACIONAL,1977,DAFTy RICHARD L.,d,5.24E+64,N/A,CENGAGE,1980,15,1A,15,15,B,700,j
TEORIA ORGANIZACIONALy DISEÑO Y CAMBIO EN LAS ORGANIZACIONES,1975,JONESy GARETH R.,d,5.24E+64,N/A,PEARSON,1979,16,1B,16,16,D,800,j
TEORIA ORGANIZACIONALy DISEÑO Y CAMBIO EN LAS ORGANIZACIONES,1974,JONESy GARETH R.,d,5.24E+64,N/A,PEARSON,1978,17,2C,17,17,A,900,j
ADMINISTRACION,1973,ROBBINSy STEPHEN  COULTERy MARY,d,5.24E+64,N/A,PEARSON,1977,18,3D,18,18,C,100,j
INTRODUCCION A LA TEORIA GENERAL DE LA ADMINISTRACION,1972,CHIAVENATOy IDALBERTO,d,5.24E+64,N/A,MCGRAW-HILL,1976,19,4E,19,19,E,200,j
ADMINISTRACION. UN ENFOQUE BASADO EN COMPETENCIAS,1971,HELLRIEGELy DON  JACKSONy SUSAN  SLOCUM JRy JOHN,d,5.24E+84,N/A,CENGAGE LEARNING,1975,20,1A,20,20,B,300,j
Auditoría Interna,1969,Juan Ramón Santillana González,d,5.24E+84,N/A,Pearson Educación,1974,21,1B,21,21,D,400,j
INTRODUCCION A LA TEORIA GENERAL DE LA ADMINISTRACION,1968,CHIAVENATOy IDALBERTO,d,5.24E+64,N/A,MCGRAW-HILL,1973,22,2C,22,22,A,500,j
Farmacología Básica y Clínica,1967,Bertram G. Katzung,d,5.24E+64,N/A,McGraw Hill,1972,23,3D,23,23,C,600,j
Anatomía topográfica y aplicada de los animales domésticos,1966,BERGy Rolf,d,5.24E+64,N/A,Edit AC Madrid,1971,24,4E,24,24,E,700,j
Hearing by Whales and Dolphins,1965, Richard R. Fayy Whitlow W.L. Au,d,5.24E+84,N/A,Springer-Verlag New York,1970,25,1A,25,25,B,800,j
Comparative Hearing: Mammals,1963,Richard R. Fay,d,5.24E+84,N/A,Springer-Verlag New York,1969,26,1B,26,26,D,900,j
Aritmética y Álgebra Manual Esencial,1962,Baezay Ángela y otros,d,5.24E+84,N/A,Santillana,1968,27,2C,27,27,A,100,j
Raymond R. Weily Nyle C. Brady,1961,Anonimo,d,5.24E+44,N/A,Nature and Properties of Soilsy They 15th Edition,1967,28,3D,28,28,C,200,j
Álgebra,1960,Oteyzay Elena de,d,5.24E+84,N/A,Pearson Educación,1966,29,4E,29,29,E,300,j
Edafología. Uso y Protección de los Suelos,1959,Jaume Portay Marta López-Acevedoy Rosa Poch,d,5.24E+49,N/A,Ediciones Mundiprensa,1965,30,1A,30,30,B,400,j
ENCYCLOPEDIA OF SOILS IN THE ENVIRONMENT FOUR-VOLUME SET,1957,Daniel Hillel (Editor-in-Chief),d,5.24E+99,N/A,Academic Press,1964,31,1B,31,31,D,500,j
Grayy Anatomía para estudiantes,1956,Richard L Drake  Wayne Vogl  Adam W M Mitchell,d,5.24E+84,N/A,Elsevier,1963,32,2C,32,32,A,600,j
Negocios Globales,1955,Mike Peng,d,5.24E+64,N/A,Cengage,1962,33,3D,33,33,C,700,j
Negocios Internacionales. Competencia en el mercado global,1954,Charles Hill,d,5.24E+64,N/A,McGraw-Hill,1961,34,4E,34,34,E,800,j
Matemáticas para maestros de Educación Primaria,1953,Segoviay Isidoro y Ricoy Luis,d,5.24E+84,N/A,Ediciones Pirámide,1960,35,1A,35,35,B,900,j
Álgebra para futuros profesores de enseñanza básica,1951,Martínezy Salomé y otros,d,5.24E+64,N/A,Ediciones SM Chile S.A.,1959,36,1B,36,36,D,100,j
Números Texto para el formador para futuros profesores de enseñanza básica,1950,Martínezy Salomé y otros,d,5.24E+64,N/A,Ediciones SM Chile S.A.,1958,37,2C,37,37,A,200,j
Arquitectura y ciudad moderna en el sur de Chile. Memoriay territorio y proyecto,1949,Pablo Fuentes y Veronica Esparza editores,d,5.24E+64,N/A,STOQ editorial,1957,38,3D,38,38,C,300,j
TRATADO PRÁCTICO DE HORTICULTURA,1948,G. Sasias y C. Chesney M. Guedj,d,5.24E+84,N/A,Omega S.A.,1956,39,4E,39,39,E,400,j
Sedimentología: del proceso físico a la cuenca sedimentaria,1947,Alfredo Arches Miralles,d,5.24E+84,N/A,CSIC,1955,40,1A,40,40,B,500,j
Estratigrafía: principios y métodos,1945,Juan Antonio Vera Torres,d,5.24E+64,N/A,Rueda,1954,41,1B,41,41,D,600,j
Como funciona la música,1944,David Byrne,d,5.24E+64,N/A,Literatura Random,1953,42,2C,42,42,A,700,j
Introducción a la Econometríay 3ed,1943,Stocky James  Watsony Mark,d,5.24E+64,N/A,Pearson,1952,43,3D,43,43,C,800,j
Química Orgánica,1942,Careyy F.A.  McGraw-Hill: Méxicoy 2006,d,5.24E+64,N/A,McGraw-Hill,1951,44,4E,44,44,E,900,j
 Química Orgánica,1941,Solomonsy T.W.G. ,d,5.24E+64,N/A,Limusa Wiley,1950,45,1A,45,45,B,100,j
Química Orgánica,1939,Solomons,d,5.24E+64,N/A,LIMUSA,1949,46,1B,46,46,D,200,j
A La Escucha,1938, Jean-Luc Nancy,d,5.24E+49,N/A,Nómadas,1948,47,2C,47,47,A,300,j
Escucha esto,1937,Alex Ross,d,5.24E+49,N/A,Seix barral,1947,48,3D,48,48,C,400,j
Oceano de sonido,1936,David Toop,d,5.24E+64,N/A,Caja negra editores,1946,49,4E,49,49,E,500,j
¿Cómo funcional la música?,1935,David Byrne,d,5.24E+64,N/A,Sexto piso,1945,50,1A,50,50,B,600,j
HOTELERIA Y TURISMO: MANUAL DE ADMINISTRACIÓN HOTELERA,1933,VV.AA.,d,5.24E+64,N/A,DALY,1944,51,1B,51,51,D,700,j
COMPETITIVIDAD DE LOS DESTINOS TURÍSTICOS,1932,MIGUEL ANGEL ACERENZA,d,5.24E+64,N/A,TRILLAS,1943,52,2C,52,52,A,800,j
TURISMO 2.0,1931,TOMAELLOy FLAVIA Y DUERy WALTER,d,5.24E+84,N/A,EDICIONES TURISTICAS LADEVI PROTURISMO,1942,53,3D,53,53,C,900,j
TURISMOy HOTELERÍA Y RESTAURANTES,1930,VV.AA.,d,5.24E+64,N/A,LEXUS,1941,54,4E,54,54,E,100,j
Contabilidad información y control en las empresas; SEXTA EDICIÓN,1929,GABRIEL TORRES SALAZAR,d,5.24E+49,N/A,LEGAL PUBLISHING,1940,55,1A,55,55,B,200,j
Preparación y Evaluación de Proyectos,1927,Nassir Sapag Chainy Reinaldo Sapag Chainy José Manuel Sapag P.,d,5.24E+84,N/A,Mc Graw Hill Education,1939,56,1B,56,56,D,300,j
Introduction to Animal Science: Globaly Biologicaly Social and Industry Perspectives,1926,W. Stephen Damron,d,5.24E+64,N/A,Pearson,1938,57,2C,57,57,A,400,j
Una guerra infame La verdadera historia de la Conquista del Desierto,1925,Andrés Bonatti y Javier Valdez,d,5.24E+84,N/A,Edhasa,1937,58,3D,58,58,C,500,j
Químicay la Ciencia Central,1924,Theodore L. Browm  ,d,5.24E+84,N/A,Pearson Educacióny Mexico,1936,59,4E,59,59,E,600,j
Gaia: una ciencia para curar el planeta,1923, James Lovelock ,d,5.24E+64,N/A,Integraly Barcelona,1935,60,1A,60,60,B,700,j
Las Maquinas Agrícolas Y Su Aplicación,1921,Ortiz-Cañavate Jaime,d,5.24E+64,N/A,MUNDI-PRENSA,1934,61,1B,61,61,D,800,j
Metodologías de acción social,1920,Ezequiel Ander Egg,d,5.24E+64,N/A,LUMEN HUMANITAS,1933,62,2C,62,62,A,900,j
ENGLISH FOR INTERNATIONAL TOURISM COURSEBOOK. INTERMEDIATE.,1919,Peter Strutt,d,5.24E+64,N/A,Pearson ELT,1932,63,3D,63,63,C,100,j
BASES METODOLÓGICAS PARA EL DIAGNÓSTICO BACTERIOLÓGICO DE LAS INFECCIONES POR CAMPYLOBACTER,1918,Heriberto Fernández J.y Sofía Ochoa A.y Janneth Simaluiza M.,d,5.24E+84,N/A,Editora Copygraph LTDA,1931,64,4E,64,64,E,200,j
The Maya Rain Forest Gardeny eight milenia of sustanible cultivation of the tropical woodlands,1917,Anabel Ford y Ronald Nigh,d,5.24E+84,N/A,left coast press,1930,65,1A,65,65,B,300,j
La evaluación sensorial de los alimentos en la teoría y la práctica,1915,Antonio Anzaldúa-Morales,d,5.24E+49,N/A,Editorial Acribia s.a.,1929,66,1B,66,66,D,400,j
Teatro Posdramático,1914,Hans_Thies Lehmann,d,5.24E+64,N/A,cendeac,1928,67,2C,67,67,A,500,j
La Odisea,1913,Homero,d,5.24E+64,N/A,Gredos,1927,68,3D,68,68,C,600,j
La Ilíada,1912,Homero,d,5.24E+64,N/A,Gredos,1926,69,4E,69,69,E,700,j
Medicina Interna de grandes animales,1911,BP Smith,d,5.24E+99,N/A,Elsevier,1925,70,1A,70,70,B,800,j
Adams & Stashaks Lameness in horses,1909,Gary Baxter,d,5.24E+84,N/A,Wiley-Blackwell,1924,71,1B,71,71,D,900,j
Fackelmany Auery Nunamakery Bramlagey Markely Richardson,1908,865778264,d,5.24E+39,N/A,AO Principles of Equine Osteosynthesis,1923,72,2C,72,72,A,100,j
Equine Surgery,1907,Auer & Stick,d,5.24E+84,N/A,ELSEVIER,1922,73,3D,73,73,C,200,j
Equine Internal Medicine,1906,SM Reedy WM Baylyy DC Sellon (editores),d,5.24E+64,N/A,Elsevier,1921,74,4E,74,74,E,300,j
Atlas of Equine Endoscopy,1905,Natahn Slovis,d,5.24E+59,N/A,Mosby,1920,75,1A,75,75,B,400,j
Diagnosis and management of lameness in the horse ,1903,Roos & Dyson,d,5.24E+84,N/A,ELSEVIER,1919,76,1B,76,76,D,500,j
Georgis Parasitology for veterinarians,1902,D Bowman,d,5.24E+64,N/A,Elsevier,1918,77,2C,77,77,A,600,j
EN EL MUNDO INTERIOR DEL CAPITAL. PARA UNA TEORIA FILOSOFICA DELA GLOBALIZACION,1901,PETER SLOTERDIJK,d,5.24E+64,N/A,SIRUELA,1917,78,3D,78,78,C,700,j
EN EL ESPACIO LEEMOS EL TIEMPO,1900,KARL SCHLOGEL,d,5.24E+64,N/A,SIRUELA,1916,79,4E,79,79,E,800,j
Espacio del capital. Hacia una geografía critica,1899,David Harvey,d,5.24E+64,N/A,AKAL,1915,80,1A,80,80,B,900,j
La nueva naturaleza de los mapas : ensayos sobre la historia de la cartografía,1897,John Brian Harley,d,5.24E+64,N/A,S.L. FONDO DE CULTURA ECONOMICA DE ESPAÑA,1914,81,1B,81,81,D,100,j
Journal of Paloebiology  DOI: http://dx.doi.org/10.1017/pab.2016.6,1896,#NAME?,d,5.24E+89,N/A,Cambridge Univeristy press,1913,82,2C,82,82,A,200,j
THE UNITED STATES PHARMACOPEIA - en español (USP 38 NF 33),1895,United States Pharmacopeia,d,5.24E+84,N/A,United States Pharmacopeia,1912,83,3D,83,83,C,300,j
Psicología del Desarrolloy de la infancia a la adolescencia,1894,Papalia y Wendkos y Duskin,d,5.24E+89,N/A,Mc Graw Hill,1911,84,4E,84,84,E,400,j
Metodología de la investigación educativa,1893,Bisquerray Rafael ,d,5.24E+84,N/A,La Muralla,1910,85,1A,85,85,B,500,j
Introduction to Public Health: Edition 3,1891,Mary Louise Fleming Elizabeth Parker ,d,5.24E+64,N/A,Elsevier Health Sciences,1909,86,1B,86,86,D,600,j
Detail 3 Concept,1890,Varios autores,d,5.24E+44,N/A,Detail,1908,87,2C,87,87,A,700,j
JA 99,1889,Varios autores,d,5.24E+44,N/A,Shinkenchiku-sha,1907,88,3D,88,88,C,800,j
El Croquis 144,1888,Varios autores,d,5.24E+44,N/A,El Croquis,1906,89,4E,89,89,E,900,j
Summa+ 126,1887,Varios autores,d,5.24E+44,N/A,Donn,1905,90,1A,90,90,B,100,j
Summa+ 116,1885,Varios autores,d,5.24E+44,N/A,Donn,1904,91,1B,91,91,D,200,j
Summa +114,1884,Varios autores,d,5.24E+44,N/A,Donn,1903,92,2C,92,92,A,300,j
Summa+ 76,1883,Varios autores,d,5.24E+44,N/A,Donn,1902,93,3D,93,93,C,400,j
Acoustics and the Performance of Music,1882,Jurgen Meyer,d,5.24E+84,N/A,Springer,1901,94,4E,94,94,E,500,j
Sound Design,1881,David Sonnenschein,d,5.24E+84,N/A,Michael Wiese production,1900,95,1A,95,95,B,600,j
Music Technology and the project studio,1879,Dan Hosken,d,5.24E+84,N/A,Routledge,1899,96,1B,96,96,D,700,j
An introduction to music technology,1878,Dan Hosken,d,5.24E+84,N/A,Routledge,1898,97,2C,97,97,A,800,j
Spatial Audio,1877,Francis Rumsey,d,5.24E+69,N/A,Focal Press,1897,98,3D,98,98,C,900,j
Audio production and critical listening,1876,Jason Corey,d,5.24E+84,N/A,Focal Press,1896,99,4E,99,99,E,100,j
Loadbang: programming electronic music in Pure Data,1875,Johannes Kreidler,d,5.24E+84,N/A,Wolke,1895,100,1A,100,100,B,200,j
Tratado de los objetos musicales,1873,Pierre Schaeffer,d,5.24E+84,N/A,Alianza Música,1894,101,1B,101,101,D,300,j
Acústica musical y organología,1872,Tirso de Olozabal,d,5.24E+84,N/A,Melos ediciones musicales,1893,102,2C,102,102,A,400,j
Acoustic Communication,1871,Barry Truax,d,5.24E+64,N/A,Ablex Publishing,1892,103,3D,103,103,C,500,j
Musicay sociedad y educación,1870,Christopher Small,d,5.24E+64,N/A,Madrid: Alianza Musica,1891,104,4E,104,104,E,600,j
El ruido eterno: escuchar al siglo XX a través de su música ,1869,Alex Ross,d,5.24E+64,N/A,Barcelona: Seix Barral,1890,105,1A,105,105,B,700,j
Armonía del siglo XX,1867,Vincent Persichetti,d,5.24E+64,N/A,Madrid: Real Musical,1889,106,1B,106,106,D,800,j
Armonía,1866,Walter Piston,d,5.24E+64,N/A,Mundimusica,1888,107,2C,107,107,A,900,j
Tratado de armonia,1865,Arnold Schoenberg,d,5.24E+64,N/A,Real Musical,1887,108,3D,108,108,C,100,j
Ways of Sensing. Understanding the Senses In Society,1864,David Howes y Costance Classen,d,5.24E+64,N/A,Routledge,1886,109,4E,109,109,E,200,j
Calle de sentido unico,1863,Walter Benjamin,d,5.24E+64,N/A,AKAL,1885,110,1A,110,110,B,300,j
Breve historia de la fotografía,1861,Walter Benjamin,d,5.24E+64,N/A,CASIMIRO Libros,1884,111,1B,111,111,D,400,j
Libro de los pasajes,1860,Walter Benjamin,d,5.24E+69,N/A,Akal Ediciones Sa,1883,112,2C,112,112,A,500,j
3rd Symposium on Potato Cyst Nematodes,1859,Haydocky P.P.J. (ed),d,5.24E+69,N/A, AAB Office The Warwick Enterprise Parky Wellesbourney Warwick CV35 9EFy UK,1882,113,3D,113,113,C,600,j
El color del rio,1858,Susana Silvestri,d,5.24E+49,N/A,Prometeo,1881,114,4E,114,114,E,700,j
La viena de fin de siglo,1857,Carl Schorske,d,5.24E+84,N/A,editorial siglo XXI,1880,115,1A,115,115,B,800,j
Terror y utopia,1855,Karl Schlogel,d,5.24E+84,N/A,Acantilado Quaderns Cremay S. A . U.,1879,116,1B,116,116,D,900,j
en el espacio leemos el tiempo,1854,Kar Schlogel,d,5.24E+64,N/A,siruela,1878,117,2C,117,117,A,100,j
Historia del teatro en Chile (1941-1990),1853,Juan Andrés Piña,d,5.24E+84,N/A,taurus,1877,118,3D,118,118,C,200,j
A Concrete Atlantis,1852,Reyner Banham,d,5.24E+64,N/A,The MIT Press,1876,119,4E,119,119,E,300,j
Le Corbusier Redrawn,1851,SooJin (Steven) Park,d,5.24E+64,N/A,Princeton Architectural Press,1875,120,1A,120,120,B,400,j
CINCO CARAS DE LA MODERNIDAD: MODERNISMOy VANGUARDIAy DECADENCIAy KITSCHy POSTMODERNISMO,1849,Matei Calinescu,d,5.24E+64,N/A,Tecnos,1874,121,1B,121,121,D,500,j
Ore Deposit Geology,1848,John Ridley,d,5.24E+69,N/A,Cambridge University Press,1873,122,2C,122,122,A,600,j
Introduction to Ore-Forming Processes,1847,Laurence Robb,d,5.24E+69,N/A,Blackwell Science Ltd,1872,123,3D,123,123,C,700,j
Ante la Imagen,1846,Georges Didi-Huberman ,d,5.24E+59,N/A,cendeuc,1871,124,4E,124,124,E,800,j
Diccionario Akal del color ,1845,Rosa Gallegos/ Juan Carlos Sanz,d,5.24E+64,N/A,akal,1870,125,1A,125,125,B,900,j
Teoria de los colores,1843,JOHANN WOLFGANG VON GOETHE y,d,5.24E+69,N/A,Colegio oficial de aparejadores y arquitectos tecnic,1869,126,1B,126,126,D,100,j
La Pintura Encarnada,1842,Georges Didi-Huberman ,d,5.24E+54,N/A,pre-textos,1868,127,2C,127,127,A,200,j
Lucian Freud Paintings,1841,Robert Hughes,d,5.24E+69,N/A,Thames & Hudson,1867,128,3D,128,128,C,300,j
Eric Fischl: The Krefeld-Project,1840,Robert Rosenblum,d,5.24E+69,N/A,Kerber ,1866,129,4E,129,129,E,400,j
Boltanski,1839,Christian Boltanski,d,5.24E+69,N/A,charta,1865,130,1A,130,130,B,500,j
El siglo del Collage. Una apreciación radical,1837,Jose Francisco Yras,d,5.24E+84,N/A,elba,1864,131,1B,131,131,D,600,j
David Hockeney: El gran Mensaje,1836,David Hockeney,d,5.24E+79,N/A,la fabrica,1863,132,2C,132,132,A,700,j
Asi lo veo Yo,1835,David Hockeney,d,5.24E+79,N/A,Siruela,1862,133,3D,133,133,C,800,j
Coloresy Historia y significado,1834,Anne Varichon,d,5.24E+84,N/A,Gustavo Gili,1861,134,4E,134,134,E,900,j
Un arte contextual,1833,Paul Ardenne,d,5.24E+64,N/A,cendeuc,1860,135,1A,135,135,B,100,j
Eric Fischl: The Krefeld-Project,1831,Robert Rosenblum,d,5.24E+69,N/A,Kerber ,1859,136,1B,136,136,D,200,j
El color. Un método para dominar el arte de combinar colores,1830,Betty Edwards,d,5.24E+84,N/A,Urano,1858,137,2C,137,137,A,300,j
trigonometria,1829,sullivan,d,5.24E+44,N/A,pearson,1857,138,3D,138,138,C,400,j
Veterinary Hematology and Clinical Chemistryy,1828,Mary Anna Thrall (Editor)y Glade Weiser (Editor)y Robin Allison (Editor)y Terry W. Campbell (Editor),d,5.24E+84,N/A,Wiley-Blackwell,1856,139,4E,139,139,E,500,j
Schalms Veterinary Hematology,1827,Douglas J. Weiss (Editor)y K. Jane Wardrop (Editor),d,5.24E+84,N/A,Wiley-Blackwell,1855,140,1A,140,140,B,600,j
Veterinary Hematology: A Diagnostic Guide and Color Atlas,1825,John W. Harvey DVM PhD DACVP (Autor),d,5.24E+64,N/A,Elsievier,1854,141,1B,141,141,D,700,j
Clinical Biochemistry of Domestic Animals,1824, Jiro Jerry Kaneko (Editor)y John W. Harvey (Editor)y Michael L. Bruss (Editor),d,5.24E+44,N/A,Elsievier,1853,142,2C,142,142,A,800,j
Canine and Feline Cytology: A Color Atlas and Interpretation Guide,1823, Rose E. Raskin DVM PhD DACVP (Author)y Denny Meyer DVM DACVIM DACVP (Author),d,5.24E+69,N/A,Saunders,1852,143,3D,143,143,C,900,j
Exotic Animal Hematology and Cytology,1822, Terry W. Campbell (Author),d,5.24E+69,N/A,Wiley-Blackwell,1851,144,4E,144,144,E,100,j
Atlas of Canine and Feline Peripheral Blood Smearsy 1e (Small Animal Laboratory Essentials),1821, Amy C. Valenciano DVM MS DACVP (Author)y Rick Cowell (Author)y Theresa Rizzi (Author)y Ronald D. Ty,d,5.24E+69,N/A,Mosby,1850,145,1A,145,145,B,200,j
Infectious Diseases of the Dog and Cat,1819, Craig E. Greene DVM MS DACVIM ,d,5.24E+69,N/A,Saunders,1849,146,1B,146,146,D,300,j
Sedimentology and Sedimentary Basins: From Turbulence to Tectonics,1818,Mike R. Leeder,d,5.24E+84,N/A,Wiley-Blackwell,1848,147,2C,147,147,A,400,j
Structural Geology,1817,FOSSEN Haakon,d,5.24E+84,N/A,Cambridge University Press ,1847,148,3D,148,148,C,500,j
Atlas para la identificacion de elementos parasitarios microscopicos en deposiciones,1816,Patricio Torres H.y Maria Isabel Jercic L. y colaboradores,d,5.24E+64,N/A,Instituto de Salud Pública de Chiley Ministerio de Saludy Gobierno de Chile,1846,149,4E,149,149,E,600,j
La música en la época Barroca,1815,Bukofzer,d,5.24E+84,N/A,Alianza Musica,1845,150,1A,150,150,B,700,j
La interpretación histórica de la música,1813,Lawson y Stowell,d,5.24E+84,N/A,Alianza Musica,1844,151,1B,151,151,D,800,j
Historia de la Música occidental,1812,Grout - Palisca,d,5.24E+84,N/A,Alianza Musica,1843,152,2C,152,152,A,900,j
Un siglo de música grabada,1811,Timothy Day,d,5.24E+84,N/A,Alianza Musica,1842,153,3D,153,153,C,100,j
Biomimicry Resource Handbook,1810,Dayna Baumeister,d,5.24E+49,N/A,CreateSpace,1841,154,4E,154,154,E,200,j
Biophilic Cities: Integrating Nature Into Urban Design and Planning,1809,Tim Beatley,d,5.24E+64,N/A,Island Press,1840,155,1A,155,155,B,300,j
JOAO LUIS CARRILHO DA GRACAy TRAZAR CONEXIONESy CONSTRUIR PAUTAS,1807,JOAO LUIS CARRILHO DA GRACA,d,5.24E+64,N/A,EL CROQUIS,1839,156,1B,156,156,D,400,j
Constructores Inmigrantes. Transferencia de Alemania a Chile,1806,Renato DAlençony Francisco Prado,d,5.24E+64,N/A,Ediciones UC,1838,157,2C,157,157,A,500,j
Studio Mumbaiy MANERAS DE HACER Y DE FABRICAR,1805,Studio Mumbai,d,5.24E+64,N/A,EL CROQUIS,1837,158,3D,158,158,C,600,j
MVRDVy CIUDAD EVOLUTIVA,1804,MVRDV,d,5.24E+64,N/A,EL CROQUIS,1836,159,4E,159,159,E,700,j
Arquitectura: Crítica y Nueva Época,1803,Enrique Browne,d,5.24E+64,N/A,Stoq,1835,160,1A,160,160,B,800,j
Glenn Murcutt Feathers Of Metal,1801,Glenn Murcutt ,d,5.24E+49,N/A,EL CROQUIS,1834,161,1B,161,161,D,900,j
SMILJAN RADICy EL JUEGO DE LOS OPUESTOS,1800,SMILJAN RADIC,d,5.24E+64,N/A,EL CROQUIS,1833,162,2C,162,162,A,100,j
ALVARO SIZAy LECCIONES MAGISTRALES,1799,ALVARO SIZA,d,5.24E+64,N/A,EL CROQUIS,1832,163,3D,163,163,C,200,j
Los ojos de la piel. La arquitectura y los sentidos,1798,Juhani Pallasmaa,d,5.24E+64,N/A,GG,1831,164,4E,164,164,E,300,j
Arquitectura y Crítica,1797,Josep María Montaner,d,5.24E+64,N/A,GG,1830,165,1A,165,165,B,400,j
Aires Mateusy CONSTRUIR EL MOLDE DEL ESPACIO,1795,Aires Mateus,d,5.24E+64,N/A,EL CROQUIS,1829,166,1B,166,166,D,500,j
SELGASCANOy VACILANTE NATURALEZ,1794,SELGASCANO,d,5.24E+64,N/A,EL CROQUIS,1828,167,2C,167,167,A,600,j
Arquitectura y Crítica,1793,Josep María Montaner,d,5.24E+64,N/A,GG,1827,168,3D,168,168,C,700,j
Sou Fujimotoy TEORÍA E INTUICIÓNy MARCA Y EXPERIENCIA,1792,Sou Fujimoto,d,5.24E+64,N/A,EL CROQUIS,1826,169,4E,169,169,E,800,j
Valerio Olgiatiy AFINADAS DISCORDANCIAS,1791,Valerio Olgiati,d,5.24E+64,N/A,EL CROQUIS,1825,170,1A,170,170,B,900,j
Bevk Perovi&#263;y CONDICIONALISMO,1789,Bevk Perovi&#263 ,d,5.24E+64,N/A,EL CROQUIS,1824,171,1B,171,171,D,100,j
Mansilla+Tuñóny GEOMETRÍAS ACTIVAS,1788,Mansilla+Tuñón,d,5.24E+64,N/A,EL CROQUIS,1823,172,2C,172,172,A,200,j
Neutelings Riedijky CONVENCIONES E IDENTIDAD,1787,Neutelings Riedijk,d,5.24E+64,N/A,EL CROQUIS,1822,173,3D,173,173,C,300,j
RCR Arquitectesy ABSTRACCIÓN POÉTICA,1786,RCR Arquitectes,d,5.24E+64,N/A,EL CROQUIS,1821,174,4E,174,174,E,400,j
DAVID CHIPPERFIELDy FIGURA Y ABSTRACCIÓN,1785,DAVID CHIPPERFIELD,d,5.24E+64,N/A,EL CROQUIS,1820,175,1A,175,175,B,500,j
Caruso St Johny RUDA SUTILEZA,1783,Caruso St John,d,5.24E+64,N/A,EL CROQUIS,1819,176,1B,176,176,D,600,j
STEVEN HOLLy CONCEPTOS Y MELODÍAS,1782,STEVEN HOLL,d,5.24E+64,N/A,EL CROQUIS,1818,177,2C,177,177,A,700,j
Herzog & de Meurony PROGRAMAy MONUMENTOy PAISAJE,1781,Herzog & de Meuron,d,5.24E+64,N/A,EL CROQUIS,1817,178,3D,178,178,C,800,j
SANAAy ARQUITECTURA INORGÁNICA,1780,SANAA (Sejima + Nishizawa),d,5.24E+64,N/A,EL CROQUIS,1816,179,4E,179,179,E,900,j
Sean Godselly RUDA SUTILEZA,1779,Sean Godsell,d,5.24E+64,N/A,EL CROQUIS,1815,180,1A,180,180,B,100,j
ECONOMIA URBANA Y REGIONAL: INTRODUCCION A LA GEOGRAFIA ECONOMICA,1777,FERNANDO RUBIERA MOROLLON,d,5.24E+64,N/A,S.L. CIVITAS EDICIONES,1814,181,1B,181,181,D,200,j
Spatial Behavior: A Geographic Perspective,1776,Reginald G. Golledge & Robert J. Stimson,d,5.24E+64,N/A,The Guilford Press,1813,182,2C,182,182,A,300,j
Ecología Forestal: Bases para el manejo sustentable y conservación de los bosques nativos de Chile,1775,C. Donosoy ME Gonzálezy A. Lara (editores),d,5.24E+84,N/A,Ediciones UACh (Universidad Austral de Chile),1812,183,3D,183,183,C,400,j
Aprender a Cuidar. Didactica del Proceso de Enfermeria.,1774,Ayalay Ricardo y Messingy Beate,d,52352,N/A,Mediterraneo,1811,184,4E,184,184,E,500,j
Gestion del Cuidado en Enfermeria.,1773,Ayalay Ricardo  Torresy Cristina y Calvoy M Julia,d,5.24E+84,N/A,Mediterraneo,1810,185,1A,185,185,B,600,j
Gestion del Cuidado en Enfermeria.,1771,Ayalay Ricardo  Torresy Cristina y Calvoy M Julia,d,5.24E+84,N/A,Mediterraneo,1809,186,1B,186,186,D,700,j
Aprender a Cuidar. Didactica del Proceso de Enfermeria.,1770,Ayalay Ricardo y Messingy Beate,d,52352,N/A,Mediterraneo,1808,187,2C,187,187,A,800,j
Aprender a Cuidar. Didactica del Proceso de Enfermeria.,1769,Ayalay Ricardo y Messingy Beate,d,52352,N/A,Mediterraneo,1807,188,3D,188,188,C,900,j
Gestion del Cuidado en Enfermeria.,1768,Ayalay Ricardo  Torresy Cristina y Calvoy M Julia,d,5.24E+84,N/A,Mediterraneo,1806,189,4E,189,189,E,100,j
Aprender a Cuidar. Didactica del Proceso de Enfermeria.,1767,Ayalay Ricardo y Messingy Beate,d,52352,N/A,Mediterraneo,1805,190,1A,190,190,B,200,j
Geomorfología,1765,Mateo Gutiérrez Elorza,d,5.24E+64,N/A,Pearson,1804,191,1B,191,191,D,300,j
Atlas para la identificacion de elementos parasitarios microscopicos en deposiciones,1764,Maria Isabel Jercic Lara - Patricio Torres Hevia,d,5.24E+84,N/A,Instituto de Salud Publica de Chiley Ministerio de Salud,1803,192,2C,192,192,A,400,j
The American Vitruvius: An Architects Handbook of Civic Art,1763,WERNER HEGEMANNy ELBERT PEETS,d,5.24E+69,N/A,De Facto Publishing ,1802,193,3D,193,193,C,500,j
Sittey Hegemann and the Metropolis: Modern Civic Art and International Exchanges,1762,Charles C. Bohly Jean-François Lejeune ,d,5.24E+64,N/A, Routledge,1801,194,4E,194,194,E,600,j
PROYECCIONES RADIOLOGICAS Y CORRELACION ANATOMICA (6ª ED.),1761,KENNETH L. BONTRAGER  J. LAMPIGNANO,d,5.24E+64,N/A,ELSEVIER ESPAÑA,1800,195,1A,195,195,B,700,j
Techniques for Virtual Palaeontology,1759,Mark Suttony Imran Rahmany Russell Garwood ,d,5.24E+84,N/A,Wiley,1799,196,1B,196,196,D,800,j
¿Quién le póne el cascabel al gato?,1758,Guillermo Ward Gómez,d,5.24E+84,N/A,Autoedición Financiada FC Go.Reg. Tarapacá Emelnor Impresores,1798,197,2C,197,197,A,900,j
DIDACTICA DE LA LIBERACION: ARTE CONCEPTUALISTA LATINOAMERICANO,1757,LUIS CAMNITZER,d,5.24E+64,N/A,CENDEAC,1797,198,3D,198,198,C,100,j
Teorías e Historia de la Arquitectura ,1756,Manfredo Tafuri,d,5.24E+64,N/A,Celeste,1796,199,4E,199,199,E,200,j
Peter Zumthor: Buildings and Projectsy 1985-2013,1755,thomas Durisch,d,5.24E+84,N/A,Scheidegger und Spiess AGy Verlag,1795,200,1A,200,200,B,300,j
LA ESFERA Y EL LABERINTOy Vanguardia y arquitectura de Piranesi a los años 70 ,1753,TAFURI MANFREDO,d,5.24E+64,N/A,GUSTAVO GILI,1794,201,1B,201,201,D,400,j
Arquitectura Contemporánea,1752,Manfredo Tafuri,d,5.24E+64,N/A,Aguilar-Asuri,1793,202,2C,202,202,A,500,j
Fundamentos de Economía,1751,Krugmany Paul  Wellsy Robin  Graddyy Kathryn,d,5.24E+64,N/A,Reverté,1792,203,3D,203,203,C,600,j
Form in tonal music: an introduction to analysis,1750,Douglass M. Green,d,5.24E+69,N/A,Holty Rinehart & Winston,1791,204,4E,204,204,E,700,j
Anthology of Musical Analysis,1749,Charles Burkhart,d,5.24E+99,N/A,Wadsworth Publishing Co Inc ,1790,205,1A,205,205,B,800,j
INGENIERIA DE CARRETERAS Vol. II,1747,Carlos Kraemery Miguel Angel del Val,d,5.24E+64,N/A,MCGRAW-HILL / INTERAMERICANA DE ESPAÑA S.A.,1789,206,1B,206,206,D,900,j
Handbook of Marine Craft Hydrodynamics and Motion Control,1746,Thor I Fossen,d,5.24E+49,N/A,Wiley,1788,207,2C,207,207,A,100,j
Guidance and Control of Ocean Vehicles,1745,Thor I Fossen,d,5.24E+44,N/A,Wiley,1787,208,3D,208,208,C,200,j
Suelos de Chile,1744,Walter Luzioy editor,d,5.24E+49,N/A,Walter Luzio,1786,209,4E,209,209,E,300,j
Historia de la música occidental de Carlos Poblete Varas,1743,Carlos Poblete Varas,d,5.24E+24,N/A,Ediciones Universitarias de Valparaísoy Universidad Católica de Valparaíso.,1785,210,1A,210,210,B,400,j
Por una pedagogía de la pregunta,1741,Paulo Freire y  Antonio Faundez,d,5.24E+84,N/A,978-987-629-327-3,1784,211,1B,211,211,D,500,j
Corpus,1740,Jean-Luc Nancy,d,5.24E+64,N/A,Arena Libros,1783,212,2C,212,212,A,600,j
Ulises,1739,James Joyce,d,5.24E+49,N/A,Cátedra,1782,213,3D,213,213,C,700,j
Construyendo escuelas democráticas,1738,Feito Alonsoy Rafael / López Ruizy Juan Ignacio,d,5.24E+74,N/A,Hipatia,1781,214,4E,214,214,E,800,j
El legado Pedagógico del siglo XX para la escuela del siglo XXI,1737,Jaume Trilla (coord.),d,5.24E+64,N/A,GRAO,1780,215,1A,215,215,B,900,j
Aprendizaje dialógico en la Sociedad de la Información,1735,Adriana Auberty Ainhoa Flechay Carmen Garcíay Ramón Flecha y Sandra Racionero,d,5.24E+84,N/A,Hipatia,1779,216,1B,216,216,D,100,j
Administración y Gestión efectiva en la unidad escolar,1734,Claudio Figueroa López,d,5.24E+84,N/A,Universidad de Playa Ancha,1778,217,2C,217,217,A,200,j
Geomorfología,1733,Mateo Gutierrez Elorza,d,5.24E+64,N/A,Prentice Hall,1777,218,3D,218,218,C,300,j
Parasitología humana,1732,Werner Apt. B.,d,5.24E+49,N/A,Mc Graw Hill,1776,219,4E,219,219,E,400,j
The Anthropology of Self and Behavior,1731,Gerald Michael Erchak,d,5.24E+64,N/A,Rutgers University Press,1775,220,1A,220,220,B,500,j
New Directions in Psychological Anthropology,1729,heodore Schwartzy Geoffrey M. White y Catherine A. Lutz,d,5.24E+64,N/A,Cambridge University Press,1774,221,1B,221,221,D,600,j
Prueba,1728,Prueba,d,5.24E+44,N/A,Prueba,1773,222,2C,222,222,A,700,j
Prueba,1727,ICI,d,5.24E+44,N/A,UACh,1772,223,3D,223,223,C,800,j
Micología - Médica Básica,1726,Alexandro Bonifaz,d,5.24E+84,N/A,McGraw Hill,1771,224,4E,224,224,E,900,j
OBRAS MAESTRAS DE LA ARQUITECTURA MUNDIAL,1725,WILL PRYCE,d,5.24E+84,N/A,Blume,1770,225,1A,225,225,B,100,j
100 ideas que cambiaron la arquitecura,1723,Richard Weston,d,5.24E+84,N/A,Blume,1769,226,1B,226,226,D,200,j
Leer la arquitecuray diccionario visual,1722,Owen Hopkins,d,5.24E+64,N/A,Blume,1768,227,2C,227,227,A,300,j
Bases Científicas de la Drogadicción,1721,María Estela Andrésy José Antonio Fuentealbay Katia Gysling. Ramón Sotomayor,d,5.24E+64,N/A,Ediciones Universidad Católica de Chile,1767,228,3D,228,228,C,400,j
Métodos de investigación clínica y epidemiológica,1720,Josep Ma Argimon Pallás,d,5.24E+84,N/A,Elsevier,1766,229,4E,229,229,E,500,j
Principles of paleontology,1719,Michael Foote and Arnold Miller,d,5.24E+64,N/A,W H Freeman,1765,230,1A,230,230,B,600,j
Macroevolution: Diversityy Disparityy Contingency: Essays in Honor of Stephen Jay Gould,1717,Elisabeth S Vrba and Niles Eldredge,d,5.24E+49,N/A,Paleontological Society,1764,231,1B,231,231,D,700,j
Nelson Tratado de Pediatría,1716,Behrman,d,5.24E+64,N/A,Elsevier ,1763,232,2C,232,232,A,800,j
Invitation to Oceanography,1715,Pinety Paul,d,5.24E+69,N/A,Jones & Bartlett,1762,233,3D,233,233,C,900,j
Estuaries: A Physical Introduction,1714,Dyery Keith,d,5.24E+69,N/A,Wiley,1761,234,4E,234,234,E,100,j
Obstetrics: Normal and Problem Pregnancies:,1713,Gabbe S.,d,5.24E+64,N/A,saunders,1760,235,1A,235,235,B,200,j
Fetal Monitoring Interpretation,1711,Micki L.,d,5.24E+64,N/A,Lippincott Williams and Wilkins,1759,236,1B,236,236,D,300,j
cirugía endoscópica en ginecología,1710,garza leal/bustos lopez,d,5.24E+64,N/A,panamericana,1758,237,2C,237,237,A,400,j
Doppler en medicina fetal,1709,gratacos,d,5.24E+49,N/A,panamericana,1757,238,3D,238,238,C,500,j
GRANDES CALLES,1708,ALLAN B. JACOBS,d,5.24E+64,N/A,UNIVERSIDAD DE CANTABRIA,1756,239,4E,239,239,E,600,j
EL CONOCIMIENTO SECRETO ,1707,David Hockney,d,5.24E+64,N/A,Destino,1755,240,1A,240,240,B,700,j
EL CONOCIMIENTO SECRETO ,1705,David Hockney,d,5.24E+64,N/A,Destino,1754,241,1B,241,241,D,800,j
Finanzas Corporativas,1704,Johnathan Berky Peter DeMarzo,d,5.24E+49,N/A,Pearson Chile,1753,242,2C,242,242,A,900,j
Las Finanzas en las Empresas Multinacionales,1703,David Eitemany Arthur Stonehilly Michael Moffet,d,5.24E+64,N/A,Pearson Chile,1752,243,3D,243,243,C,100,j
Ecological Urbanism,1702,Varios autores,d,5.24E+84,N/A, Harvard University Graduate School of Design – Mohsen Mostafavi y Gareth Doherty,1751,244,4E,244,244,E,200,j
INTRODUCCION AL URBANISMO. LA EVOLUCIÓN DE LAS CIUDADES: LA LECCIÓN DE LA ANTIGÜEDAD,1701,MARCEL POETE,d,5.24E+84,N/A,FUNDACION CAJA DE ARQUITECTOS,1750,245,1A,245,245,B,300,j
chilean modern architecture since 1950,1699,Fernado Perez Oyarzuny Rodrigo Perez de Arcey Horacio Torrent Schenider,d,5.24E+84,N/A,Texas A&M University Pressy College Station,1749,246,1B,246,246,D,400,j
Pathologic Basis of Veterinary Disease,1698,James F. Zachary  -  M. Donald McGavin,d,5.24E+44,N/A,Mosby,1748,247,2C,247,247,A,500,j
Psicologia,1697,David Myers,d,5.24E+64,N/A,Medica Panamericana,1747,248,3D,248,248,C,600,j
Teorías de la Personalidad,1696,james Fadiman y Robert frager,d,5.24E+64,N/A,Oxford university press,1746,249,4E,249,249,E,700,j
Urbanismo Bioclimático,1695,Esther Higueras García,d,5.24E+84,N/A,Gustavo Gili- España,1745,250,1A,250,250,B,800,j
DICCIONARIO DE TERMINOS SOBRE LA CIUDAD Y LO URBANO,1693,Lorenzo López Trigal,d,5.24E+84,N/A,Biblioteca Nueva SL,1744,251,1B,251,251,D,900,j
Pediatría Ambulatoria,1692,Arnoldo Quezada,d,5.24E+84,N/A,Mediterráneo,1743,252,2C,252,252,A,100,j
Pediatría Ambulatoria con Enfoque Integral ,1691,Patricia Valenzuela C.  Rosario Moore,d,5.24E+64,N/A,Ediciones Universidad Católica,1742,253,3D,253,253,C,200,j
Semiología Pediatrica,1690,Shonhaut L.y Assef M.,d,5.24E+64,N/A,Mediterráneo,1741,254,4E,254,254,E,300,j
Desarrollo Humano,1689,Diane Papalia,d,5.24E+49,N/A,McGraw-Hill,1740,255,1A,255,255,B,400,j
Dimensions of the Sustainable City,1687,Jenksy Mike  Jonesy Colin (Eds.),d,5.24E+84,N/A,Springer,1739,256,1B,256,256,D,500,j
2G LIBROSy LINA BOBARDIy OBRA CONSTRUIDA,1686,OLIVIA DE OLIVEIRA,d,5.24E+64,N/A,GGILI,1738,257,2C,257,257,A,600,j
la ciudad generica,1685,Rem Koolhaas,d,5.24E+64,N/A,GGILI,1737,258,3D,258,258,C,700,j
Arquitectura y politicay ensayos para mundos anternativos,1684,JOSEP MARIA MONTANERy ZAIDA MUXI,d,5.24E+64,N/A,GGILI,1736,259,4E,259,259,E,800,j
LA ARQUEOLOGIA DEL SABER,1683,MICHEL FOUCAULT,d,5.24E+64,N/A,SIGLO XXI,1735,260,1A,260,260,B,900,j
DICCIONARO MANUAL ILUSTRADO DE ARQUITECTURA,1681,DORA WAREy BETTY BEATY,d,5.24E+64,N/A,GGILI,1734,261,1B,261,261,D,100,j
Espacio Basura,1680,Rem Koolhaas,d,5.24E+64,N/A,GGILI,1733,262,2C,262,262,A,200,j
SENDAS ONIRICAS DE SINGAPURy RETRATO DE UNA METROPOLIS POTEMKIM… O TREINTA AÑOS DE TABLA RASA,1679,Rem Koolhaas,d,5.24E+64,N/A,GGILI,1732,263,3D,263,263,C,300,j
ARQUITECTURA MODERNA EN ZONAS SISMICAS,1678,TERESA GUEVARA,d,5.24E+64,N/A,GGILI,1731,264,4E,264,264,E,400,j
SISTENAS ARQUITECTONICOS CONTEMPORANEOS,1677,JOSEP MARIA MONTANER,d,5.24E+69,N/A,GGILI,1730,265,1A,265,265,B,500,j
ALEGORIA DEL PATRIMONIO,1675,FRANCOISE CHOAY,d,5.24E+69,N/A,GGILI,1729,266,1B,266,266,D,600,j
APRENDIENDO DEL POP,1674,DENISE SCOTT BROWN,d,5.24E+64,N/A,GGILI,1728,267,2C,267,267,A,700,j
APRENDIENDO DEL POP,1673,DENISE SCOTT BROWN,d,5.24E+64,N/A,GGILI,1727,268,3D,268,268,C,800,j
IDEAS QUE HAN CONFIGURADO EDIFCIIOS,1672,FIL HEARN,d,5.24E+64,N/A,GGILI,1726,269,4E,269,269,E,900,j
MEGAESTRUCTURASy FUTURO URBANO DEL PASADO RECIENTE,1671,REYNER BANHAM,d,5.24E+64,N/A,GGILI,1725,270,1A,270,270,B,100,j
DIEZ EDIFICIO CANONICOS 1950-2000,1669,PETER EISENMAN,d,5.24E+64,N/A,GGILI,1724,271,1B,271,271,D,200,j
CASA CON PATIO,1668,GÜNTER PFEIFERy PER BRAUNECK,d,5.24E+64,N/A,GGILI,1723,272,2C,272,272,A,300,j
manifiestosyproclamas y polémicas de la vanguardia literaria hispanoamericana,1667,Osorioy Nelson,d,5.24E+64,N/A,Biblioteca Ayacucho,1722,273,3D,273,273,C,400,j
Estética de la desaparición,1666,Virilioy Paul,d,5.24E+64,N/A,Anagrama,1721,274,4E,274,274,E,500,j
Después del fin del arte.El arte contemporáneo y el linde de la historia,1665,DantoyColemany Arthur,d,5.24E+64,N/A,Paidos,1720,275,1A,275,275,B,600,j
Handbook of Food Safety Engineering,1663,Da-Wen-Sun (editor),d,5.24E+84,N/A,Wiley-Blackwell,1719,276,1B,276,276,D,700,j
Historia del presente inmediatoy la invencion del movimiento moderno arquitectonico,1662,Anthony Vidler,d,5.24E+64,N/A,Gustavo Gili,1718,277,2C,277,277,A,800,j
Vigilar y Castigar,1661,Michel Foucault,d,5.24E+89,N/A,Siglo XXI,1717,278,3D,278,278,C,900,j
Atmosferas,1660,Peter Zumthor,d,5.24E+64,N/A,Gustavo Gili,1716,279,4E,279,279,E,100,j
La buena viday visita guiada a las casas de la modernidad,1659,Iñaki Abalos,d,5.24E+64,N/A,Gustavo Gili,1715,280,1A,280,280,B,200,j
Grandezay o el problema de la talla,1657,Rem Koolhaas,d,5.24E+64,N/A,Gustavo Gili,1714,281,1B,281,281,D,300,j
La arqueologia del saber,1656,Michael Foucault,d,5.24E+64,N/A,Siglo XXI,1713,282,2C,282,282,A,400,j
La ciudad,1655,Massino Cacciari,d,5.24E+64,N/A,Gustavo Gili,1712,283,3D,283,283,C,500,j
Pensar la arquitectura,1654,Peter Zumthor,d,5.24E+64,N/A,Gusravo Gili,1711,284,4E,284,284,E,600,j
La arquitectura compuesta por partes,1653,Anton Capitel,d,5.24E+64,N/A,gustavo gili,1710,285,1A,285,285,B,700,j
Arquitectura latinoamericana contemporanea,1651,Hugo Segawa,d,5.24E+64,N/A,gustavo gili,1709,286,1B,286,286,D,800,j
HISTORIA CRITICA DE LA ARQUITECTURA MODERNA,1650,KENNET FRAMPTON,d,5.24E+64,N/A,GUSTAVO GILI,1708,287,2C,287,287,A,900,j
LA ARQUITECTURA MODERNAy UNA HISTORIA DESAPASIONADA,1649,ALAN COLQUHOUN,d,5.24E+64,N/A,GUSTAVO GILI,1707,288,3D,288,288,C,100,j
Lo Ordinario,1648,Enrique Walker,d,5.24E+64,N/A,Gustavo Gili,1706,289,4E,289,289,E,200,j
HISTORIA DE LA ARQUTECTURA MEXICANA,1647,ENRIQE X.DE ANDA,d,5.24E+64,N/A,GUSTAVO GILI,1705,290,1A,290,290,B,300,j
Cuestiones de persepciony Fenomenologia de la arquitectura,1645,Steven Holl,d,5.24E+64,N/A,Gustavo Gili,1704,291,1B,291,291,D,400,j
Administración de Operaciones. Conceptos y casos contemporáneos,1644,Roger G. Schroeder,d,5.24E+84,N/A,Mc Graw Hill,1703,292,2C,292,292,A,500,j
Color ambientaly aplicaciones en arquitectura,1643,TOM PORTER,d,5.24E+64,N/A,TRILLAS,1702,293,3D,293,293,C,600,j
The history of the theory of structures: from arch analysis to computational mechanics,1642,Karl-Eugen Kurrer,d,5.24E+64,N/A,Ernst & Sohn,1701,294,4E,294,294,E,700,j
Arte desde 1900: modernidady antimodernidady posmodernidad,1641,Hal Fostery Rosalind E. Kraussy Yves-Alain Bois,d,5.24E+99,N/A,AKAL,1700,295,1A,295,295,B,800,j
URBAN ECOLOGY. Patternsy Processesy and Applications,1639,Jari Niemeläy Jürgen H. Breustey Glenn Guntenspergeny Nancy E. McIntyrey Thomas Elmqvisty and Philip,d,5.24E+84,N/A,OXFORD,1699,296,1B,296,296,D,900,j
Descriptive Physical Oceanography,1638,Talleyy L.y Pickardy G.y Emeryy W.y Swifty J.,d,5.24E+44,N/A,Academic Press,1698,297,2C,297,297,A,100,j
Obstetricia,1637,Alfredo Pérez Sanchez- Enrique Donoso,d,5.24E+74,N/A,Mediterráneo,1697,298,3D,298,298,C,200,j
Obras completas George Trakl,1636,Trakly George,d,5.24E+84,N/A,Editorial Trotta S.A.,1696,299,4E,299,299,E,300,j
Poesía completa,1635,Trakly George,d,5.24E+74,N/A,Editorial Trotta S.A.,1695,300,1A,300,300,B,400,j
The history of the theory of structures,1633,Eugen Kurrer,d,5.24E+49,N/A,wiley-vch,1694,301,1B,301,301,D,500,j
The tower and the bridge: The new art of structural engineering,1632,David P. Billington,d,5.24E+64,N/A,princeton university press,1693,302,2C,302,302,A,600,j
Nonthermal Processing Technologies for Food,1631,H. Zhang  G. Barbosa-Cánovas  B. Balasubramaniam  P. Dunne  D. Farkas  J. Yuan (editores) ,d,5.24E+84,N/A,Wiley-Blackwell,1692,303,3D,303,303,C,700,j
Handbook of soil analysis: mineralogicaly organic and inorganic methods,1630,Marc Pansuy Jacques Gautheyrou,d,5.24E+64,N/A,Springer,1691,304,4E,304,304,E,800,j
Suelos de Chile,1629,Walter Luzio,d,5.24E+84,N/A,Universidad de Chile,1690,305,1A,305,305,B,900,j
Circulation and the City  Essays on Urban Culture,1627,Alexandra Boutros and Will Straw,d,5.24E+94,N/A,Mc Gill-queens University Press,1689,306,1B,306,306,D,100,j
Handbook of Potato Productiony Improvementy And Postharvest Management,1626, J. Gopal and S. M. Paul Khurana,d,5.24E+49,N/A,Haworth Pr Inc,1688,307,2C,307,307,A,200,j
Administracion de Operaciones,1625,David Collier - James Evans,d,5.24E+64,N/A,CENGAGE Learning,1687,308,3D,308,308,C,300,j
Practical Food Rheology: An Interpretive Approach,1624,Nortony I.  Spyropoulosy F.  Coxy P. (Editores),d,5.24E+84,N/A,Wiley-Blackwell,1686,309,4E,309,309,E,400,j
Urban Ecology (Ecological Reviews),1623,Kevin J. Gaston (Editor),d,5.24E+64,N/A,Cambridge University Press,1685,310,1A,310,310,B,500,j
Molecular Biology of the Cell,1621,Bruce Alberts et al,d,5.24E+84,N/A,Garland,1684,311,1B,311,311,D,600,j
Ultrasound Physics Review: A Review for the Ardms SPI Exam ,1620,Cindy Owen,d,5.24E+44,N/A,Davies  (ver: http://www.amazon.com/Ultrasound-Physics-Review-Ardms-Exam/dp/0941022749/ref=dp_cp_ob_,1683,312,2C,312,312,A,700,j
Adaptabilidade Humanay Introduçao a Antropologia Ecologica.,1619,Emilio F. Moran,d,5.24E+49,N/A,EDUSP,1682,313,3D,313,313,C,800,j
La sociedad sin relato. Antrop.y estética de la inminencia,1618,Néstor García Canclini,d,5.24E+64,N/A,Katz editores,1681,314,4E,314,314,E,900,j
Arquitectura del paisaje,1617,KRAUELy Jacobo. ,d,5.24E+64,N/A,Ed. Links Structure,1680,315,1A,315,315,B,100,j
Landscape ecology,1615,FORMANy Richard T.T. and GODRONy Michel,d,5.24E+99,N/A,Wiley & Sons Incy New York,1679,316,1B,316,316,D,200,j
La arquitectura de los jardines. De la antigüedad al siglo XX. ,1614,FARIELLOy Francesco.,d,5.24E+99,N/A,Ed.Mairea-Celestey Madrid ,1678,317,2C,317,317,A,300,j
ECOLOGIA URBANA,1613,JAUME TERRADAS,d,5.24E+64,N/A,RUBES,1677,318,3D,318,318,C,400,j
Física,1612,Jerry Wilson-Anthony Buffa- Bo Lou,d,5.24E+84,N/A,PEARSON educación,1676,319,4E,319,319,E,500,j
Fundamentos de radiología dental,1611,Whaitesy E.,d,5.24E+49,N/A,Elsevier,1675,320,1A,320,320,B,600,j
Las bases de la medicina basada en evidencias: Como leer un documento.,1609,Greenhalghy T.y & Gimenezy J. ,d,5.24E+49,N/A,Volpe/Fox,1674,321,1B,321,321,D,700,j
Epidemiología clínica. Investigación clínica aplicada,1608,Álvaro Ruiz Morales y Luis Enrique Morillo Zárate,d,5.24E+64,N/A,Médica Panamericanay S.A.,1673,322,2C,322,322,A,800,j
Diseño de Investigaciones Clínicas,1607,Stephen B. Hulley. Steven M. Cummings Warren S. Browner Deborah G. Grady Thomas B. Newman,d,5.24E+49,N/A,Lippincotty Willians & Wilkins,1672,323,3D,323,323,C,900,j
Research Methodology in the Medical and Biological Sciences ,1606,Petter Laakey Haakon Breien Benestady Bjorn Reino Olsen,d,5.24E+44,N/A,Academic Press,1671,324,4E,324,324,E,100,j
Statistical and Methodological Aspects of Oral Health Research,1605,Emmanuel Lesaffrey Jocelyne Feine (Co-Editor)y Brian Leroux (Co-Editor)y Dominique Declerck (Co-Edit,d,5.24E+84,N/A,John Wiley & Sonsy Inc.,1670,325,1A,325,325,B,200,j
How Many Subjects?: Statistical Power Analysis in Research,1603,Helena Chmura Kraemery Sue Thiemann,d,5.24E+44,N/A,Sage Publicationsy Inc,1669,326,1B,326,326,D,300,j
Evidence-based Dentistry: Managing Information for Better Practice,1602, Derek Richardsy Jan Clarksony Debora Matthewsy Rick Niederman,d,5.24E+49,N/A,Quintessence Publishing Co Ltd,1668,327,2C,327,327,A,400,j
Nutrient Requirements of Small Ruminants:Sheepy Goatsy Cervidsy and New World Camelids ,1601,National Research Council,d,5.24E+99,N/A,National Academy Press,1667,328,3D,328,328,C,500,j
Historia de la crítica literaria del siglo XX. Del formalismo al postestructuralismo,1600,Seldeny R.,d,5.24E+84,N/A,Librería Aurea Clásicos,1666,329,4E,329,329,E,600,j
Color y luz. Teoría y práctica,1599,Jorrit Tornquist,d,5.24E+49,N/A,Gustavo Gili ,1665,330,1A,330,330,B,700,j
Estructuras o por qué las cosas no se caen,1597,James Edward Gordon,d,5.24E+49,N/A,Calamar Edición y Diseñoy S.L.,1664,331,1B,331,331,D,800,j
La arquitectura de la luz natural,1596,Henry Plummer,d,5.24E+64,N/A,Blume,1663,332,2C,332,332,A,900,j
Undestanding Weather and Climate,1595,Edward Aguado & James E. Burt,d,5.24E+84,N/A,Prentice Hall,1662,333,3D,333,333,C,100,j
Inteligencia Social,1594,Daniel Goleman,d,52352,N/A,planeta,1661,334,4E,334,334,E,200,j
MANUAL TÉCNICO DE LA AMERICAN ASSOCIATION OF BLOOD BANKS (AABB),1593,A.A.B.B.,d,5.24E+64,N/A,Z-E,1660,335,1A,335,335,B,300,j
1910-2010 Antología: Un Siglo de Dramaturgia Chilena (4 tomos),1591,Diaz et al,d,5.24E+84,N/A,Bicentenario,1659,336,1B,336,336,D,400,j
Principios de Economía,1590,Bradley R. Schiller,d,5.24E+84,N/A,Mc Graw Hill,1658,337,2C,337,337,A,500,j
Principios de Economía,1589,Bradley R. Schiller,d,5.24E+84,N/A,Mc Graw Hill,1657,338,3D,338,338,C,600,j
Calmar el tráfico. Pasos para una nueva cultura de la movilidad urbana. ,1588,ALFONSO SANZ ALDUÁN,d,5.24E+89,N/A,D.G. de Planificación. Centro de Publicacionesy Ministerio de Fomento,1656,339,4E,339,339,E,700,j
Ecopolisy Architecture and Cities for a Changing Climate,1587,Downtony Paul F.,d,5.24E+84,N/A,Springer Verlag. Australia,1655,340,1A,340,340,B,800,j
A COLOR ATLAS OF PARASITOLOGY,1585,JOHN SULLIVAN,d,5.24E+64,N/A,UNIVERSITY OF SAN FRANCISCO sullivan@usfca.edu,1654,341,1B,341,341,D,900,j
Sistemas de Control de Gestión,1584,Robert Anthony,d,5.24E+84,N/A,Mc Graw Hill,1653,342,2C,342,342,A,100,j
Modelos del Cálculo para las Ciencias Médicas,1583,Gonzalo Riera y Ruben Preiss,d,5.24E+64,N/A,Ediciones Universidad Católica de Chile,1652,343,3D,343,343,C,200,j
clinical management of ovarian cancer,1582,ledermanyjonathan A.,d,5.24E+49,N/A,informa health care ,1651,344,4E,344,344,E,300,j
Manual de Maquinaria de Construccióny 2ª edición (en español),1581,Díaz del Ríoy Manuel,d,5.24E+64,N/A,McGRAW HILL,1650,345,1A,345,345,B,400,j
Terapia Familiar y de Pareja,1579,Roizblatty A.,d,5.24E+59,N/A,desconocido,1649,346,1B,346,346,D,500,j
Sueño: diagnóstico  y tratamiento,1578,Abdaloffy W.,d,5.24E+54,N/A,desconocido,1648,347,2C,347,347,A,600,j
Avances en psicoterapia y cambio psíquico ,1577,Riquelmey R.  Áhumalay E.,d,5.24E+54,N/A,desconocido ,1647,348,3D,348,348,C,700,j
Psiquiatría y Psicologia de la Infancia y Adolescencia,1576,Grauy A y Meneghelloy J.,d,5.24E+54,N/A,desconocido,1646,349,4E,349,349,E,800,j
Depresióny guia y terapeutica,1575,Retamaly P.,d,5.24E+54,N/A,desconocido,1645,350,1A,350,350,B,900,j
Salud Familiar. Un modelo de Atención Integral en la Atención Primaria,1573,Hidalgo C.G. y Carrasco E.,d,5.24E+54,N/A,Desconocido,1644,351,1B,351,351,D,100,j
Tecnicas de Psicoterapias Dinamicas,1572,Florenzanoy R.,d,5.24E+54,N/A,desconocido,1643,352,2C,352,352,A,200,j
Trastornos Bipolares,1571,Correa E.y Silva H.y Risco L.,d,5.24E+54,N/A,desconocido,1642,353,3D,353,353,C,300,j
Fundamentos de Psiquiatría Clínica,1570,Valdivieso F. ,d,5.24E+54,N/A,desconocido,1641,354,4E,354,354,E,400,j
Psiquiatría Clínica ,1569,Heerleiny E.,d,5.24E+54,N/A,DESCONOCIDO,1640,355,1A,355,355,B,500,j
Recomendaciones terapéuticas en los trastornos mentales,1567,Solery J  Perey A. ,d,5.24E+54,N/A,desconocido,1639,356,1B,356,356,D,600,j
Sinopsis de la Psiquiatría ,1566,Sadocky B. Sadock V.,d,5.24E+54,N/A,desconocido,1638,357,2C,357,357,A,700,j
Advances in Food Dehydration ,1565,Cristina Ratti (editor),d,5.24E+64,N/A,CRC Press,1637,358,3D,358,358,C,800,j
Food Physics: Physical Properties - Measurement and Applications,1564,Figuray Ludger O.y Teixeiray Arthur A. ,d,5.24E+84,N/A,Springer,1636,359,4E,359,359,E,900,j
Psicopatología de la Mujer,1563,Eduardo Correa y Enrique Jadresic,d,5.24E+34,N/A,Mediterráneo,1635,360,1A,360,360,B,100,j
PSIQUIATRÍA CLÍNICA EN LA UNIDAD DE CORTA ESTADIA,1561,Mario Vidal C.,d,5.24E+74,N/A,Serie Roja,1634,361,1B,361,361,D,200,j
LA ESQUIZOFRENIA CLÁSICA,1560,César Ojeda,d,5.24E+54,N/A,C&C Ediciones,1633,362,2C,362,362,A,300,j
TEXTBOOK OF PSYCHOPHARMACOLOGY,1559,Alan Schatzbergy Charles Nemeroff,d,5.24E+64,N/A,The American Psychiatric Publishing,1632,363,3D,363,363,C,400,j
Estuaries: A Physical Introduction,1558,Keith R. Dyer ,d,5.24E+44,N/A,Wiley,1631,364,4E,364,364,E,500,j
Ocean Circulation,1557,Open University,d,5.24E+44,N/A,Butterworth-Heinemann,1630,365,1A,365,365,B,600,j
Introduction to Physical Oceanography,1555,John A. Knauss,d,5.24E+49,N/A,Waveland Pr Inc,1629,366,1B,366,366,D,700,j
Sin novedad en el frente,1554,Erich María Remarque,d,5.24E+64,N/A,Porrúa,1628,367,2C,367,367,A,800,j
Modern Methods of Organic Synthesis,1553,William Carruthers and Iain Coldham,d,5.24E+84,N/A,Canbridge University Press,1627,368,3D,368,368,C,900,j
Literatura de Viajes. El Viejo Mundo y el Nuevo.,1552,García Castañeday Salvador (coord.) ,d,5.24E+64,N/A,Castalia-Ohio State University.,1626,369,4E,369,369,E,100,j
Geografías mágicas. Viajeros españoles del siglo XIX por países exóticos (1800-1913). ,1551,Litvaky Lily ,d,5.24E+64,N/A,Michigany University Microfilms International.,1625,370,1A,370,370,B,200,j
Diccionario Ilustrado Latín-Español-Latín,1549,Ediciones Vox,d,5.24E+49,N/A,Vox (Bibliográfica),1624,371,1B,371,371,D,300,j
Metodología de la investigación,1548,Elia Pineda y Eva de Alvarado,d,5.24E+84,N/A,Organización Panamericana de la salud,1623,372,2C,372,372,A,400,j
The Creative City: A Toolkit for Urban Innovators ,1547, Charles Landry,d,5.24E+54,N/A,Demos,1622,373,3D,373,373,C,500,j
La Comunicación de la Ciencia en Chile,1546,Sergio Prenafeta Jenkin,d,5.24E+84,N/A,CONICYTy Menssage,1621,374,4E,374,374,E,600,j
Selleccionadas muestra off de dramaturgia,1545,Carreray X.  Figueroay C.,d,5.24E+64,N/A,Ediciones del Temple,1620,375,1A,375,375,B,700,j
La palabra comprometida Tomo II,1543,Ictus,d,5.24E+64,N/A,Don Bosco,1619,376,1B,376,376,D,800,j
La palabra comprometida Tomo I,1542,Ictus,d,5.24E+64,N/A,Don Bosco,1618,377,2C,377,377,A,900,j
Antología crítica de la dramaturgia anarquista en Chile,1541,Pereira P.y Sergio,d,5.24E+64,N/A,U.de Santiago,1617,378,3D,378,378,C,100,j
Teatro chileno,1540,Benaventey David,d,5.24E+64,N/A,Chileamérica CESOC,1616,379,4E,379,379,E,200,j
Antología Subjetiva,1539,Díazy Jorge,d,5.24E+64,N/A,Red Internacional del Libro,1615,380,1A,380,380,B,300,j
Teatro y dictadura,1537,Andradey Elba  Fuentesy Walter.,d,5.24E+64,N/A,Ediciones documentos,1614,381,1B,381,381,D,400,j
Salón de belleza,1536,Mario Bellatin,d,5.24E+49,N/A,Tusquets,1613,382,2C,382,382,A,500,j
Ciudadanías del miedo,1535,Susana Rotker,d,5.24E+69,N/A,Editorial Nueva Sociedad,1612,383,3D,383,383,C,600,j
Espacio urbanoy violencia y comunicación en América Latina ,1534,Mabel Moraña(ed),d,5.24E+64,N/A,Pittsburg.PA:Instituto Internacional de Literatura Iberoamericana,1611,384,4E,384,384,E,700,j
 1983. Catalogue of the living BIVALVIA of the eastern Pacific Ocean: Bering Strait to C,1533,BernardyF.R.,d,5.24E+44,N/A,Can. Spec. Publ. Fish. Aquat. Sci.,1610,385,1A,385,385,B,800,j
Epidemiología y Bioestadística: secretos,1531,Nordnessy Robert,d,5.24E+99,N/A,Elsevier España S.A.,1609,386,1B,386,386,D,900,j
Principios d Microeconomía,1530,Casey Karl E. y Fairy Ray C.,d,5.24E+64,N/A,Pearson educación,1608,387,2C,387,387,A,100,j
 The provision of oxygen to developing eggs by female shore crabs (Carcinus maenas) ,1529,wheatly M.G.,d,5.24E+49,N/A,journal of the marine biological association of the UK,1607,388,3D,388,388,C,200,j
Looking at Cities,1528,Allan Jacobs,d,5.24E+89,N/A,Cambridgey MA: Harvard University Press,1606,389,4E,389,389,E,300,j
La Regulacin Economica de los Servicios Publicos (2 Ejemplares),1527,Miguel Angel Lasheras,d,5.24E+64,N/A,Ariel,1605,390,1A,390,390,B,400,j
La cultura: todo lo que hay que saber,1525,Dietrich Schwanitz,d,5.24E+64,N/A,Taurus ediciones,1604,391,1B,391,391,D,500,j
El Capitalismo y la moderna teoría social,1524,Giddensy Anthony,d,5.24E+69,N/A,Labor (Barcelona),1603,392,2C,392,392,A,600,j
Actividades de la vida diaria,1523,Moruro Mirales Pedro y romero Dulce maria,d,5.24E+64,N/A,Masson,1602,393,3D,393,393,C,700,j
Actividades de la vida diaria,1522,Moruro Mirales Pedro y romero Dulce maria,d,5.24E+64,N/A,Masson,1601,394,4E,394,394,E,800,j
Dramaturgia chilena contemporánea. 7 autores.,1521,Grifferoy Ramón. Editor y prologuista,d,5.24E+84,N/A,Universidad Arcis,1600,395,1A,395,395,B,900,j
Arte poética. Seis conferencias,1519,Borgesy Jorge Luis,d,5.24E+64,N/A,Crítica,1599,396,1B,396,396,D,100,j
Ulises o no seguida de Frontera,1518,Escobar Vilay Benito,d,5.24E+64,N/A,ciertopez,1598,397,2C,397,397,A,200,j
Miradas lastimeras no quiero,1517,Radrigány Flavia,d,5.24E+64,N/A,ciertopez,1597,398,3D,398,398,C,300,j
INTERRELACIONES NANDAy NIC Y NOC. Diagósticos enfermerosy resultados e intervenciones ,1516, Johnsony M. / Bulecheky G.M. / Butchery H. / Maasy M.L. / McCloskey Dochtermany J. / Moorh,d,5.24E+99,N/A,elsevier,1596,399,4E,399,399,E,400,j
A TALE OF TWO CITIES (15 COPIAS),1515,CHARLES DICKENS,d,5.24E+64,N/A,VICENS VIVES,1595,400,1A,400,400,B,500,j
GREAT EXPECTATIONS ,1513,CHARLES DICKENS,d,5.24E+64,N/A,Macmillan,1594,401,1B,401,401,D,600,j
MIDDLE MARCH (15 COPIAS),1512,GEORGE ELIOT,d,5.24E+89,N/A,Macmillan,1593,402,2C,402,402,A,700,j
The Great Gatsby (15 copias),1511,F. Scott Fitzgerald ,d,5.24E+64,N/A,Macmillan,1592,403,3D,403,403,C,800,j
EMMA (15 COPIAS),1510,JANE AUSTEN,d,5.24E+64,N/A,Macmillan,1591,404,4E,404,404,E,900,j
WUTHERING HEIGHTS (15 COPIAS),1509,EMILY BRONTEE,d,5.24E+64,N/A,Macmillan,1590,405,1A,405,405,B,100,j
SENSE AND SENSIBILITY (15 COPIAS),1507,JANE AUSTEN,d,5.24E+64,N/A,Macmillan,1589,406,1B,406,406,D,200,j
MOBY DICK (15 COPIAS),1506,HERMAN MELVILLE ,d,5.24E+89,N/A,Macmillan,1588,407,2C,407,407,A,300,j
The Great Gatsby ,1505,F. Scott Fitzgerald ,d,5.24E+64,N/A,Macmillan,1587,408,3D,408,408,C,400,j
Teaching Reading Skills in a Foreign Language,1504,Christine Nuttall,d,5.24E+64,N/A,Macmillan,1586,409,4E,409,409,E,500,j
Laughing Matters,1503,Peter Medgyes ,d,5.24E+64,N/A,Cambridge University Press,1585,410,1A,410,410,B,600,j
Motivational Strategies in the language classroom ,1501,Zoltan Dörnyei,d,5.24E+64,N/A,Cambridge University Press,1584,411,1B,411,411,D,700,j
Communicative Language Teaching ,1500,William Littlewood,d,5.24E+64,N/A,Cambridge University Press,1583,412,2C,412,412,A,800,j
Organic Synthesis: The Disconnection Approach,1499,Stuart Warren y  Paul Wyatt,d,5.24E+44,N/A,John Wiley and Sons,1582,413,3D,413,413,C,900,j
Acanthamoeba: Biology and Pathogenesis ,1498,Naveed Khan University of Nottinghamy UK,d,5.24E+84,N/A,Caister Academic Press,1581,414,4E,414,414,E,100,j
DIRECCION DE EMPRESAS INTERNACIONALES,1497,PLA,d,5.24E+49,N/A,PRENTICE HALL,1580,415,1A,415,415,B,200,j
Direccion de Marketing,1495,Kotler,d,5.24E+49,N/A,Pearson,1579,416,1B,416,416,D,300,j
Applied Biopharmaceutics and Pharmacokinetics,1494,Leon ShargelyAndrew B.C. Yu ,d,5.24E+44,N/A,McGraw-Hill/Appleton & Lange,1578,417,2C,417,417,A,400,j
La etica protestante y espíritu del capitalsmo,1493,Webery Max,d,5.24E+49,N/A,Fondo de Cultura Económica,1577,418,3D,418,418,C,500,j
TRATADO LATINOAMERICANO DE SOCIOLOGIA DEL TRABAJO,1492,Enrique De la Garza Toledo,d,5.24E+49,N/A,Fondo de Cultura Económica,1576,419,4E,419,419,E,600,j
International Trade and Agriculture,1491,Won W. Koo  P. Lynn Kennedy,d,5.24E+64,N/A,Blackwell,1575,420,1A,420,420,B,700,j
Veterinary Clinical Pathology. An integrated undergraduate course,1489,Ceron J y col.,d,5235252352,N/A,informacion en:  http://www.clinpathcd.com/,1574,421,1B,421,421,D,800,j
NIIF vs PCGA en Chile,1488,Valenzuela Acevedoy Marcelo,d,5.24E+84,N/A,Edimetri Ril Editores,1573,422,2C,422,422,A,900,j
Planes de cuidados y documentación clínica en enfermería,1487,Carpenito-Moyet,d,5.24E+49,N/A,McGrawHill Interamericana,1572,423,3D,423,423,C,100,j
Clasificacion de intervenciones de Enfermeria,1486,Mc Closkey - Bulechek,d,5.24E+49,N/A,Elsevier,1571,424,4E,424,424,E,200,j
Clasificacion de resultados de Enfermeria,1485,Moorhead y Johnson,d,5.24E+49,N/A,Elsevier,1570,425,1A,425,425,B,300,j
Diagnosticos enfermerosy resulatados e intervenciones: Interrelacin Nanda ,1483,Johnson,d,5.24E+49,N/A,Harcourt,1569,426,1B,426,426,D,400,j
 Modelos y teorías en Enfermería  ,1482,Marriner - Raile,d,5.24E+49,N/A,Elsevier Mosby,1568,427,2C,427,427,A,500,j
Fundamentos de Enfermería. Conceptosy proceso y práctica,1481,Bárbara Kozier,d,5.24E+64,N/A,Mc Grawhill. Interamericana,1567,428,3D,428,428,C,600,j
Data analysis methods in physical oceanography,1480,Emeryy W. J.y & R. E. Thomson,d,5.24E+44,N/A,Elsevier,1566,429,4E,429,429,E,700,j
Liderazgo: Teoriay Aplicación y Desarrollo de Habilidades,1479,Robert N. Lussier y Christopher Achua,d,5.24E+64,N/A,CENGAGE Learning (Pag. 10),1565,430,1A,430,430,B,800,j
Administración moderna de personal,1477,Joaquín Rodriguez Valencia,d,5.24E+64,N/A,CENGAGE Learning (Pag. 25),1564,431,1B,431,431,D,900,j
Administración de producción y operaciones,1476,NormanGaither/Greg Frazier,d,5.24E+64,N/A,CENGAGE Learning (Pag. 22),1563,432,2C,432,432,A,100,j
Teoría y diseño organizacional,1475,Richard L. Daft,d,5.24E+64,N/A,CENGAGE Learning (Pag. 12),1562,433,3D,433,433,C,200,j
Administración: Un enfoque basado en competencias,1474,Don Hellriegely Susam Jackson et al.,d,5.24E+64,N/A,CENGAGE Learning (Pag 4),1561,434,4E,434,434,E,300,j
Introducción a la administración con un enfoque de sistemas,1473,Joaquín Rodriguez Valencia,d,5.24E+64,N/A,CENGAGE Learning (Pag 9),1560,435,1A,435,435,B,400,j
Introduccion a la administracion,1471,Richard L. Daft,d,5.24E+64,N/A,CENGAGE Learning (Pag. 13),1559,436,1B,436,436,D,500,j
Dirección moderna de organizaciones,1470,Joaquín Rodriguez Valencia,d,5.24E+64,N/A,CENGAGE Learning (Pag 5),1558,437,2C,437,437,A,600,j
Gestión y conocimiento en organizaciones que aprenden,1469,Eduardo Soto/ Alons Sauquet ,d,5.24E+64,N/A,CENGAGE Learning (Pag. 16),1557,438,3D,438,438,C,700,j
Administración y control de calidad,1468,James R.Evans/William M. Lindsay,d,5.24E+64,N/A,CENGAGE Learning (Pag. 22),1556,439,4E,439,439,E,800,j
Administración de operaciones: Bienesy Servicios y Cadenas de valor,1467,David Collier/ James Evans,d,5.24E+64,N/A,CENGAGE Learning (Pag. 23),1555,440,1A,440,440,B,900,j
State of the World’s Cities Report 2006/7 ,1465,Naciones Unidas -Habitat,d,5.24E+64,N/A,Naciones Unidas,1554,441,1B,441,441,D,100,j
Environmental Psychology: Principles and Practice ,1464,Robert Gifford ,d,5.24E+84,N/A,Optimal Books,1553,442,2C,442,442,A,200,j
la Nona,1463,Cossay Roberto,d,5.24E+64,N/A,ed.del Corregidor,1552,443,3D,443,443,C,300,j
Obra dramática,1462,Discepoloy Armando,d,5.24E+64,N/A,Galerna,1551,444,4E,444,444,E,400,j
Teatro Latinoamericano de los 70,1461,Pelletieriy Osvaldo,d,5.24E+64,N/A,Ed. del Corregidor,1550,445,1A,445,445,B,500,j
Armando Discepolo Obra dramática II,1459,Pelletieriy Osvaldo,d,5.24E+49,N/A,Eudeba,1549,446,1B,446,446,D,600,j
Armando Discepolo Obra dramática,1458,Pelletieriy Osvaldo,d,5.24E+49,N/A,Eudeba,1548,447,2C,447,447,A,700,j
Introduccion a la ingeniería,1457,Pablo Grech,d,5.24E+64,N/A,Prentice Hall,1547,448,3D,448,448,C,800,j
The Microsporidia and Microsporidiosis,1456,Murray Wittner,d,5.24E+84,N/A,ASM Press,1546,449,4E,449,449,E,900,j
Practical Guide to Diagnostic Parasitology (solicitar 3 ejemplares),1455,Lynne Shore García,d,5.24E+84,N/A,ASM Press,1545,450,1A,450,450,B,100,j
Diagnostic Medical Parasitology (solilcitar 3 ejemplares),1453,Lynne Shore Garcíay LGS & Associates,d,5.24E+84,N/A,ASM Press,1544,451,1B,451,451,D,200,j
Crítica del conocimiento litarario,1452,Bobesy Carmen,d,5.24E+84,N/A,Arco,1543,452,2C,452,452,A,300,j
Teatro y poder en la época de Carlos II. Fiestas en torno a...,1451,Farréy Judith (ed.),d,5.24E+84,N/A, Iberoamericana,1542,453,3D,453,453,C,400,j
Reensamblar lo social,1450,Latoury Bruno,d,5.24E+84,N/A,manantial - argentina,1541,454,4E,454,454,E,500,j
Administración Financiera Internacional,1449,Cheol S. Eun y Bruce G. Resnick,d,5.24E+99,N/A,McGraw-Hill Interamericana,1540,455,1A,455,455,B,600,j
LA ESPERANZA DE PANDORA,1447,Latoury Bruno,d,5.24E+49,N/A,GEDISA,1539,456,1B,456,456,D,700,j
NUNCA FUIMOS MODERNOS. ENSAYOS DE ANTROPOLOGíA SIMÉTRICA,1446,Latoury Bruno,d,5.24E+64,N/A,Siglo XXI,1538,457,2C,457,457,A,800,j
Designing Economic Mechanisms,1445,Leonid Huwicz y Stanley Reiter,d,5.24E+64,N/A,Cambridgr University Press,1537,458,3D,458,458,C,900,j
Antropología de la imagen,1444,Hans Belting,d,5.24E+64,N/A,Katz editores,1536,459,4E,459,459,E,100,j
Obras reunidas,1443,Alfonso Alcalde,d,5.24E+64,N/A,Altazor (?),1535,460,1A,460,460,B,200,j
Digital image Processing,1441,R.C. Gonzalez  R.E. Woods,d,5.24E+44,N/A,Prentice Hall,1534,461,1B,461,461,D,300,j
Teatro en Chile,1440,Luis Pradenas,d,5.24E+64,N/A,LOM,1533,462,2C,462,462,A,400,j
TÉCNICAS ARGUMENTATIVAS,1439,Mónica Pérez y Olly Vega,d,5.24E+64,N/A,Universidad Católica,1532,463,3D,463,463,C,500,j
Microeconomics,1438,Jeffrey Perloff,d,5.24E+44,N/A,Addison Wesley,1531,464,4E,464,464,E,600,j
La Consultoría de Empresas,1437,Romero Samuel,d,5.24E+49,N/A,Limusa,1530,465,1A,465,465,B,700,j
Manual de Instalaciones a Gas,1435,Lesur Luis,d,5.24E+49,N/A,Trillas,1529,466,1B,466,466,D,800,j
Las especies arbóreas de los bosques templados de Chile y Argentina.Autoecología de,1434,Claudio Donoso,d,5.24E+84,N/A,Marisa Cuneo Ediciones,1528,467,2C,467,467,A,900,j
Antropología del parentesco y de la familia ,1433,Parkiny Robert / Stoney Linda,d,5.24E+64,N/A,Editorial Universitaria Ramón Arecesy Madrid,1527,468,3D,468,468,C,100,j
Urban design street and square,1432,Cliff Moughtin,d,5.24E+59,N/A,Architectural press,1526,469,4E,469,469,E,200,j
remaking the urban waterfront,1431,Urban land Institute,d,5.24E+64,N/A,Urban Land Institute,1525,470,1A,470,470,B,300,j
Manual de Diagnósticos de Enfermería (edición 11 o 10),1429,Carpenito Lynda ,d,5.24E+64,N/A,Mc Graww-Hill,1524,471,1B,471,471,D,400,j
Atlas de Anatomía Humana,1428,Nettery F.H.,d,5.24E+44,N/A,ELSEVIER-MASSON,1523,472,2C,472,472,A,500,j
AUTOAPRENDIZAJE DE LA ELECTROCARDIOGRAFÍA,1427,FASCE HENRYy EDUARDO,d,52352,N/A,ED. UNIVERSIDAD DE CONCEPCIÓN,1522,473,3D,473,473,C,600,j
MANUAL DE URGENCIAS MÉDICAS,1426,CUBILLOSy LORENZO,d,5.24E+64,N/A,MEDITERRÁNEO,1521,474,4E,474,474,E,700,j
Vigilar y Castigar,1425,Michel Foucault,d,5.24E+64,N/A,Siglo XXI,1520,475,1A,475,475,B,800,j
Historia de la Sexualidad.  Tres Volumenes,1423,Michel Foucault,d,5.24E+44,N/A,Siglo XXI,1519,476,1B,476,476,D,900,j
Auditoría tributaria,1422,Vicente Salort S.,d,5.24E+84,N/A,Edimetri,1518,477,2C,477,477,A,100,j
Recursos Humanos Champions,1421,Ulrichy Dave,d,5.24E+64,N/A,Granica; Buenos Aires,1517,478,3D,478,478,C,200,j
Gestión por Competencias.  Un modelo estratégico para la dirección de Recursos Humanos,1420,Javier Fernández López,d,5.24E+64,N/A,F.T. Prentice Hall - Madrid,1516,479,4E,479,479,E,300,j
La Gestión Estratégica de los Recursos Humanos,1419,Valle Cabreray Ramón J. (coord),d,5.24E+64,N/A,Pearson - Prentice Hall; Madrid,1515,480,1A,480,480,B,400,j
Dirección Estratégica de Recursos Humanos: Gestión por Competencias,1417,Allesy Martha A. ,d,5.24E+84,N/A,Granicay Buenos Aires,1514,481,1B,481,481,D,500,j
Desarrollo del Talento Humano: Basado en Competencias,1416,Allesy Martha A.,d,5.24E+94,N/A,Granicay Buenos Aires,1513,482,2C,482,482,A,600,j
Administración de Recursos Humanos,1415,R. Wayne Mondy y Robert M. Noe,d,5.24E+94,N/A,Mexico D.F. Pearson Educación Prentice Hall,1512,483,3D,483,483,C,700,j
Integrated food safety and veterinary public health,1414,s. Buncic,d,5.24E+89,N/A,CABI,1511,484,4E,484,484,E,800,j
Historia breve de la poética (Versión Luis Alburquerque),1413,Dolezely Lubomir,d,5.24E+64,N/A,Síntesis,1510,485,1A,485,485,B,900,j
Como se comenta una obra de teatro.,1411,García Barrientosy José,d,5.24E+64,N/A,Síntesis,1509,486,1B,486,486,D,100,j
El teatro hispanoamericano,1410,Gálvez Aceroy Marina,d,5.24E+49,N/A,Madrid: Taurus,1508,487,2C,487,487,A,200,j
Teatro Chileno Contemporáneo,1409,Antología,d,5.24E+49,N/A,Madrid: Fondo de Cultura Económica,1507,488,3D,488,488,C,300,j
Hacer ciudad la construcción de las metrópolis,1408,Cátedra Arq. Enrique García Espil,d,5.24E+64,N/A,Nobuko,1506,489,4E,489,489,E,400,j
FUNDAMENTOS DE LAS TECNICAS DE EVALUACION MUSCULO ESQUELETICAS,1407,PALMERy M. LYNN,d,5.24E+84,N/A,PAIDOTRIBO,1505,490,1A,490,490,B,500,j
RPG. PRINCIPIOS DE REEDUCACION POSTURAL GLOBAL,1405,SOUCHARDy PHILLIPPE E.,d,5.24E+84,N/A,PAIDOTRIBO,1504,491,1B,491,491,D,600,j
MANUAL DE CONSULTORÍA,1404,TOM LAMBERT,d,5.24E+49,N/A,GESTION 2000,1503,492,2C,492,492,A,700,j
Fundamentos de los Computadores,1403,Pedro de Miguel Anasagasti,d,5.24E+49,N/A,PARANINFO,1502,493,3D,493,493,C,800,j
Organización y Arquitectura de Computadores,1402,William Stallings,d,5.24E+49,N/A,Prentice Hall,1501,494,4E,494,494,E,900,j
Robots y Sistemas Sensoriales,1401,F torres  S.T. Puente y otros,d,5.24E+49,N/A,Pearson,1500,495,1A,495,495,B,100,j
Teleoperación y Telerobótica,1399,Jesús M. Gómez de Gabriel,d,5.24E+49,N/A,Pearson,1499,496,1B,496,496,D,200,j
Redes Neuronalesy Automática y Robótica ,1398,Edgar Nelson Sánchez Camperos,d,5.24E+49,N/A,Pearson,1498,497,2C,497,497,A,300,j
Robótica,1397,John J. Craig,d,5.24E+64,N/A,Pearson,1497,498,3D,498,498,C,400,j
Robóticay Controly Deteccióny Visión e Inteligencia,1396,Fuy K.S.y R.C. Gonzalez y C.S.G. Lee,d,5.24E+49,N/A,McGraw Hill,1496,499,4E,499,499,E,500,j
Fundamentos de Robótica,1395,Barrientos A.y L.F. Peñiny C. Balaguer y R. Aracil,d,5.24E+44,N/A,Mc GRaw Hill,1495,500,1A,500,500,B,600,j
Modeling and Control of Robot Manipulators,1393,Sciaviccoy L.y B. Siciliano,d,5.24E+29,N/A,Mc Graw Hill,1494,501,1B,501,501,D,700,j
Enfermería oncológica,1392,Ottoy S.E.,d,5.24E+54,N/A,ELSEVIER,1493,502,2C,502,502,A,800,j
Transiciones de la Familia (REVISAR EDICIONES POSTERIORES A 2000),1391,Falicov  C.,d,5.24E+24,N/A,AMORRORTU,1492,503,3D,503,503,C,900,j
Manual de Nefrología Clínica,1390,Botellay J,d,5.24E+54,N/A,ELSEVIER-MASSON,1491,504,4E,504,504,E,100,j
Manual de Diálisis,1389,Daugirdas John,d,5.24E+54,N/A,ELSEVIER-MASSON ,1490,505,1A,505,505,B,200,j
500 cuestiones que plantea el cuidado del enfermo renal,1387,Andreuy L,d,5.24E+54,N/A,ELSEVIER-MASSON,1489,506,1B,506,506,D,300,j
Manual de nefrología clínica,1386,Lorenzoy V,d,5.24E+54,N/A,ELSEVIER,1488,507,2C,507,507,A,400,j
Fisica Moderna,1385,R.Serway /C.J.Moses/C:A Moyer,d,5.24E+64,N/A,Thomson Learning Publisher,1487,508,3D,508,508,C,500,j
Epidemiología Clínica: Aspectos Fundamentales,1384,Fletcher R.H.   Fletcher S.W.  Wagner E.H.,d,5.24E+54,N/A,Masson,1486,509,4E,509,509,E,600,j
Antropología,1383,EMBER Caroly Ember M.y Peregrine P.,d,5.24E+64,N/A,Pearson -Prentice Hall,1485,510,1A,510,510,B,700,j
Arqueologíay teoríasy métodos y pract,1381,RENFREW Coliny BAHN Paul,d,5.24E+64,N/A,AKAL,1484,511,1B,511,511,D,800,j
Ambientey bosques y gestión forestal ,1380,Pablo Camus Gayan,d,5.24E+64,N/A,LOM,1483,512,2C,512,512,A,900,j
Cómo se hace la historia oral,1379,FOLGUERA Pilar,d,5.24E+64,N/A,EUDEMA,1482,513,3D,513,513,C,100,j
Historia de los Antiguos Mapuches del,1378,Jose BENGOA,d,5.24E+64,N/A,Catalonia,1481,514,4E,514,514,E,200,j
Física general ,1377,Máximoy Antonio y Alvarengay Beatriz,d,5.24E+64,N/A,Oxford University Press,1480,515,1A,515,515,B,300,j
Finanzas Corporativas,1375,Stephen Ross y Westerfiel Randolph,d,5.24E+49,N/A,McGraw-Hill Interamericana,1479,516,1B,516,516,D,400,j
Principios de Finanzas Corporativas,1374,Brealeyy David y Stewart Myers,d,5.24E+49,N/A,McGraw-Hill Interamericana,1478,517,2C,517,517,A,500,j
Oleohidráulica,1373,Serrano Nicolásy Antonio,d,5.24E+64,N/A,Mc Graw-Hill Profesional,1477,518,3D,518,518,C,600,j
Fisica Universitaria ytomos I y II,1372,Sears_Zemansky-Yong_Freedman,d,5.24E+44,N/A,Addison_wesley,1476,519,4E,519,519,E,700,j
Clasificacion de Intervenciones de En,1371,Joanne McCloskey Dochterman,d,5.24E+49,N/A,Elsevier - Mosby,1475,520,1A,520,520,B,800,j
Diagnosticos Enfermeros 2003-2004 ,1369,by NANDA,d,5.24E+49,N/A,Elsevier - Mosby,1474,521,1B,521,521,D,900,j
Clasificacion de Resultados de Enferm,1368,Sue Moorhead & Marion Johnson,d,5.24E+49,N/A,Mosby- Elsevier,1473,522,2C,522,522,A,100,j
The urban design handbook Techniques ,1367,Urban Design associates (Ray Gindroz),d,5.24E+64,N/A,W.W. Norton And Companyy INC,1472,523,3D,523,523,C,200,j
Designing Cities Critical readings in,1366,Alexander R. Cuthbert,d,5.24E+64,N/A,Blackwell publishing,1471,524,4E,524,524,E,300,j
Diccionario de terminos contables fin,1365,Salort S. Vicente,d,5.24E+59,N/A,Edimetri,1470,525,1A,525,525,B,400,j
